CANAL;PUBLICO;TEMA;SUBTEMA;PERGUNTA;ALTERNATIVAS;CORRETA;FEEDBACK;FONTE;RESPONSAVEL
;GG|GO|CN|Guru|GA|GA Multicanal;Móvel_Fibra;Planos Controle;"Qual é uma das vantagens do plano Vivo Controle?
a) Internet ilimitada para todos os aplicativos
b) Ligações e SMS apenas para Vivo
c) Cortesia de 6 meses de Amazon Prime
d) Acesso gratuito ao Netflix Premium";A|B|C|D;C;;Book Controle;Liberto
;GG|GO|CN|Guru|GA|GA Multicanal;Móvel_Fibra;Planos Controle;"Qual aplicativo de transporte NÃO consome a franquia de internet no plano Controle?
a) Uber
b) Moovit
c) 99
d) Google Maps";A|B|C|D;B;;Book Controle;Liberto
;GG|GO|CN|Guru|GA|GA Multicanal;Móvel_Fibra;Planos Controle;"O que é necessário para acessar a rede 5G da Vivo?
a) Apenas estar em uma capital
b) Ter um chip 3G
c) Ter um aparelho compatível e estar em área de cobertura
d) Assinar o plano Vivo Fibra";A|B|C|D;C;;Book Controle;Liberto
;GG|GO|CN|Guru|GA|GA Multicanal;Móvel_Fibra;Planos Controle;"Qual é o benefício do plano Controle Educação?
a) Acesso a cursos universitários
b) Acesso a cursos profissionalizantes pela plataforma Vivae
c) Aulas ao vivo com professores da Vivo
d) Descontos em escolas particulares";A|B|C|D;B;;Book Controle;Liberto
;GG|GO|CN|Guru|GA|GA Multicanal;Móvel_Fibra;Planos Controle;"O plano Controle Saúde oferece acesso a qual serviço?
a) SUS Digital
b) Vale Saúde Sempre
c) Vivo Med
d) Saúde Total";A|B|C|D;B;;Book Controle;Liberto
;GG|GO|CN|Guru|GA|GA Multicanal;Móvel_Fibra;Planos Controle;"Qual é o valor do upgrade para o plano Vale Saúde Familiar?
a) R$ 5/mês
b) R$ 10/mês
c) R$ 7/mês
d) R$ 15/mês";A|B|C|D;C;;Book Controle;Liberto
;GG|GO|CN|Guru|GA|GA Multicanal;Móvel_Fibra;Planos Controle;"O plano Controle Netflix inclui qual tipo de assinatura?
a) Netflix Premium
b) Netflix Padrão com anúncios
c) Netflix Básico
d) Netflix Kids";A|B|C|D;B;;Book Controle;Liberto
;GG|GO|CN|Guru|GA|GA Multicanal;Móvel_Fibra;Planos Controle;"Quantos acessos simultâneos são permitidos no plano Controle Netflix?
a) 1
b) 2
c) 3
d) Ilimitado";A|B|C|D;B;;Book Controle;Liberto
;GG|GO|CN|Guru|GA|GA Multicanal;Móvel_Fibra;Planos Controle;"O plano Controle Entretenimento oferece acesso a:
a) TV a cabo tradicional
b) Vivo Play App com mais de 40 canais
c) Netflix Premium
d) Amazon Prime Video";A|B|C|D;B;;Book Controle;Liberto
;GG|GO|CN|Guru|GA|GA Multicanal;Móvel_Fibra;Planos Controle;"Qual serviço de música está incluso no plano Controle Música?
a) Spotify
b) Deezer
c) Apple Music
d) Tidal";A|B|C|D;C;;Book Controle;Liberto
;GG|GO|CN|Guru|GA|GA Multicanal;Móvel_Fibra;Planos Controle;"Qual aplicativo de leitura está incluso nos planos Controle?
a) Kindle
b) Skeelo
c) Kobo
d) Wattpad";A|B|C|D;B;;Book Controle;Liberto
;GG|GO|CN|Guru|GA|GA Multicanal;Móvel_Fibra;Planos Controle;"Qual é o valor do upgrade para o plano Netflix  Padrão (Sem anúncio)?
a) R$ 5/mês
b) R$ 21/mês
c) R$ 7/mês
d) R$ 15/mês";A|B|C|D;B;;Book Controle;Liberto
;GG|GO|CN|Guru|GA|GA Multicanal;Móvel_Fibra;Planos Controle;"Qual é o bônus mensal para quem faz portabilidade para a Vivo?
a) 3GB
b) 5GB
c) 8GB
d) 10GB";A|B|C|D;C;;Book Controle;Liberto
;GG|GO|CN|Guru|GA|GA Multicanal;Móvel_Fibra;Planos Controle;"O bônus por fatura digital é de:
a) 1GB
b) 2GB
c) 3GB
d) 5GB";A|B|C|D;C;;Book Controle;Liberto
;GG|GO|CN|Guru|GA|GA Multicanal;Móvel_Fibra;Planos Controle;"O que é o Vale Bonus?
a) Um plano de fidelidade
b) Um programa de cashback
c) Uma moeda digital para usar em marcas e restaurantes
d) Um cartão pré-pago da Vivo";A|B|C|D;C;;Book Controle;Liberto
;GG|GO|CN|Guru|GA|GA Multicanal;Móvel_Fibra;Planos Controle;"Qual é o valor do pacote adicional de redes sociais e vídeo?
a) R$ 4,99
b) R$ 5,00
c) R$ 7,99
d) R$ 9,99";A|B|C|D;B;;Book Controle;Liberto
;GG|GO|CN|Guru|GA|GA Multicanal;Móvel_Fibra;Planos Controle;"Qual é o valor da internet adicional avulsa por 30 dias?
a) R$ 7,99
b) R$ 8,99
c) R$ 9,99
d) R$ 10,99";A|B|C|D;C;;Book Controle;Liberto
;GG|GO|CN|Guru|GA|GA Multicanal;Móvel_Fibra;Planos Controle;"O plano Controle Cartão oferece quantos GB de internet?
a) 7GB
b) 8GB
c) 9GB
d) 10GB";A|B|C|D;C;;Book Controle;Liberto
;GG|GO|CN|Guru|GA|GA Multicanal;Móvel_Fibra;Planos Controle;"Qual é a condição para receber o bônus de totalização?
a) Ter um plano Controle e um plano de TV
b) Ter um plano Controle e Banda Larga Vivo com velocidade igual ou superior a 4 Mbps
c) Ter um plano Controle e um cartão Vivo
d) Ter um plano Controle e pagar por Pix";A|B|C|D;B;;Book Controle;Liberto
;GG|GO|CN|Guru|GA|GA Multicanal;Móvel_Fibra;Planos Controle;"Qual é o valor da chamada feita ou recebida no Vivo Travel?
a) R$ 0,99
b) R$ 1,29
c) R$ 1,49
d) R$ 1,99";A|B|C|D;B;;Book Controle;Liberto
;GG|GO|CN|Guru|GA|GA Multicanal;Móvel_Fibra;Planos Controle;"Qual é o limite de planos Vivo Controle por CPF?
a) 4
b) 5
c) 6
d) 7";A|B|C|D;C;;IT CONTROLE;Liberto
;GG|GO|CN|Guru|GA|GA Multicanal;Móvel_Fibra;Planos Controle;"Qual é o canal de ativação do pacote de redes sociais e vídeo?
a) Apenas lojas físicas
b) Apenas call center
c) App Vivo, URA, call center e lojas
d) Apenas site Vivo";A|B|C|D;C;;IT CONTROLE;Liberto
;GG|GO|CN|Guru|GA|GA Multicanal;Móvel_Fibra;Planos Controle;"Qual é o valor do pacote adicional de 2GB de internet?
a) R$ 10,00
b) R$ 12,00
c) R$ 15,00
d) R$ 20,00";A|B|C|D;C;;IT CONTROLE;Liberto
;GG|GO|CN|Guru|GA|GA Multicanal;Móvel_Fibra;Planos Controle;"Qual é o canal para ativar o roaming internacional?
a) *8486
b) App Vivo
c) +55 11 3056-8628
d) *7000";A|B|C|D;C;;IT CONTROLE;Liberto
;GG|GO|CN|Guru|GA|GA Multicanal;Móvel_Fibra;Planos Controle;"Qual é o valor da multa de fidelização para planos Controle?
a) R$ 200,00
b) R$ 300,00
c) R$ 400,00
d) R$ 600,00";A|B|C|D;C;;IT CONTROLE;Liberto
;GG|GO|CN|Guru|GA|GA Multicanal;Móvel_Fibra;Planos Controle;"Quantas ativações Controle Cartão são permitidas por cartão de crédito?
a) 1
b) 2
c) 3
d) 4";A|B|C|D;B;;IT CONTROLE;Liberto
;GG|GO|CN|Guru|GA|GA Multicanal;Móvel_Fibra;Planos Controle;"Qual é o app que permite compartilhar internet entre clientes Controle?
a) Meu Vivo
b) Vivo Play
c) Vivo Turbo
d) Vivo Next";A|B|C|D;A;;IT CONTROLE;Liberto
;GG|GO|CN|Guru|GA|GA Multicanal;Móvel_Fibra;Planos Controle;"Qual é o prazo para reativação de linha cancelada com o mesmo número?
a) 90 dias
b) 120 dias
c) 150 dias
d) 180 dias";A|B|C|D;D;;IT CONTROLE;Liberto
;GG|GO|CN|Guru|GA|GA Multicanal;Móvel_Fibra;Planos Controle;"Qual é o valor da multa proporcional por cancelamento antes de 12 meses?
a) 10x valor do plano
b) 15x valor do plano
c) 20x valor do plano
d) 25x valor do plano";A|B|C|D;C;;IT CONTROLE;Liberto
;GG|GO|CN|Guru|GA|GA Multicanal;Móvel_Fibra;Planos Controle;"Qual é o canal para alterar o cartão de crédito do Controle Cartão?
a) *8486
b) *8003
c) *7000
d) 1058";A|B|C|D;B;;IT CONTROLE;Liberto
;GG|GO|CN|Guru|GA|GA Multicanal;Móvel_Fibra;Planos Controle;"Qual é o valor da recarga antecipada?
a) R$ 5,00
b) R$ 10,00
c) R$ 15,00
d) Varia conforme plano";A|B|C|D;D;;IT CONTROLE;Liberto
;GG|GO|CN|Guru|GA|GA Multicanal;Móvel_Fibra;Planos Controle;"Qual é o app que permite ativar o Controle Cartão?
a) Vivo Play
b) App Vivo
c) Vivo Next
d) URA";A|B|C|D;B;;IT CONTROLE;Liberto
;GG|GO|CN|Guru|GA|GA Multicanal;Móvel_Fibra;Planos Controle;"Qual é o limite de gasto com pacote adicional via fatura?
a) 100% do valor do plano
b) 150% do valor do plano
c) 190% do valor do plano
d) Sem limite";A|B|C|D;C;;IT CONTROLE;Liberto
;GG|GO|CN|Guru|GA|GA Multicanal;Móvel_Fibra;Planos Controle;"Qual é o canal para contratar pacote adicional no Controle Cartão?
a) App Vivo
b) URA *8486
c) Lojas físicas
d) WhatsApp";A|B|C|D;B;;IT CONTROLE;Liberto
;GG|GO|CN|Guru|GA|GA Multicanal;Móvel_Fibra;Planos Controle;"Qual é a condição para ativar o Controle Cartão?
a) Ter um plano Pós
b) Ter um plano Controle
c) Ter um Vivo Pré ativo
d) Ter um cartão pré-pago";A|B|C|D;C;;IT CONTROLE;Liberto
;GG|GO|CN|Guru|GA|GA Multicanal;Móvel_Fibra;Planos Pós;"Qual benefício é oferecido gratuitamente por 1 ano nos planos Vivo Pós?
a) Spotify Premium
b) Amazon Prime
c) Disney+
d) Netflix";A|B|C|D;B;;Book Pós;Liberto
;GG|GO|CN|Guru|GA|GA Multicanal;Móvel_Fibra;Planos Pós;"Qual é a quantidade de linhas adicionais grátis no plano Vivo V?
a) 2
b) 4
c) 6
d) 8";A|B|C|D;D;;Book Pós;Liberto
;GG|GO|CN|Guru|GA|GA Multicanal;Móvel_Fibra;Planos Pós;"O que é o Vivo Travel?
a) Um plano de fidelidade
b) Um serviço de transporte
c) Um pacote de roaming internacional
d) Um aplicativo de navegação";A|B|C|D;C;;Book Pós;Liberto
;GG|GO|CN|Guru|GA|GA Multicanal;Móvel_Fibra;Planos Pós;"Qual aplicativo oferece acesso a mais de 200 revistas com acesso ilimitado quando e onde quiser no smartphone ou tablet?
a) GoRead
b) Skeelo
c) Ubook
d) Casa do Saber";A|B|C|D;A;;Book Pós;Liberto
;GG|GO|CN|Guru|GA|GA Multicanal;Móvel_Fibra;Planos Pós;"Qual é o limite de minutos diários para ligações com o Vivo Travel?
a) 30 minutos
b) 50 minutos
c) 100 minutos
d) Ilimitado";A|B|C|D;B;;Book Pós;Liberto
;GG|GO|CN|Guru|GA|GA Multicanal;Móvel_Fibra;Planos Pós;"Qual plano oferece 500GB de internet e 8 linhas adicionais grátis?
a) Vivo Família
b) Vivo Total
c) Vivo V
d) Vivo Travel";A|B|C|D;C;;Book Pós;Liberto
;GG|GO|CN|Guru|GA|GA Multicanal;Móvel_Fibra;Planos Pós;"Qual aplicativo conta com mais de mil meditações e aulas exclusivas, todas criadas e gravadas  pelo brasileiro Davi Murbach?
a) Atma
b) BTFIT
c) Ubook
d) Super Comics";A|B|C|D;A;;Book Pós;Liberto
;GG|GO|CN|Guru|GA|GA Multicanal;Móvel_Fibra;Planos Pós;"Qual é o valor do pacote de 3GB adicional de internet?
a) R$ 9,99
b) R$ 14,99
c) R$ 19,99
d) R$ 29,99";A|B|C|D;C;;Book Pós;Liberto
;GG|GO|CN|Guru|GA|GA Multicanal;Móvel_Fibra;Planos Pós;"Qual benefício é concedido ao cliente que ativa o débito automático?
a) 5GB de bônus
b) 3GB de bônus
c) 10% de desconto
d) Acesso ao Vivo Play";A|B|C|D;B;;Book Pós;Liberto
;GG|GO|CN|Guru|GA|GA Multicanal;Móvel_Fibra;Planos Pós;"Qual aplicativo oferece HQs com Super Motion e Super Zoom?
a) Skeelo
b) Super Comics
c) GoRead
d) Forbes Prime";A|B|C|D;B;;Book Pós;Liberto
;GG|GO|CN|Guru|GA|GA Multicanal;Móvel_Fibra;Planos Pós;"Qual é o valor da diária avulsa do Vivo Travel para Europa?
a) R$ 29,99
b) R$ 39,99
c) R$ 49,99
d) R$ 59,99";A|B|C|D;B;;Book Pós;Liberto
;GG|GO|CN|Guru|GA|GA Multicanal;Móvel_Fibra;Planos Pós;"Qual aplicativo oferece treinos personalizados com personal trainer online?
a) BTFIT
b) Atma
c) Ubook
d) Vivo HomeFix";A|B|C|D;A;;Book Pós;Liberto
;GG|GO|CN|Guru|GA|GA Multicanal;Móvel_Fibra;Planos Pós;"Sobre o pacote de minutos para (LDI) qual é o valor do pacote mensal de chamadas internacionais com 100 minutos?
a) R$ 49,90
b) R$ 59,90
c) R$ 84,90
d) R$ 99,90";A|B|C|D;C;;Book Pós;Liberto
;GG|GO|CN|Guru|GA|GA Multicanal;Móvel_Fibra;Planos Pós;"Qual é o valor máximo que um cliente Vivo pode receber em Vale Bônus para utilizar em marcas e restaurantes parceiros?
A) R$ 100
B) R$ 150
C) R$ 200
D) R$ 250";A|B|C|D;D;;Book Pós;Liberto
;GG|GO|CN|Guru|GA|GA Multicanal;Móvel_Fibra;Planos Pós;"O que o cliente Vivo precisa fazer para ganhar o Vale Bônus?
A) Indicar amigos para a Vivo
B) Comprar um novo aparelho
C) Pagar a fatura em dia por Débito automático, Pix ou Cartão de crédito
D) Utilizar apenas o aplicativo Meu Vivo";A|B|C|D;C;;Book Pós;Liberto
;GG|GO|CN|Guru|GA|GA Multicanal;Móvel_Fibra;Planos Pós;"Qual é a velocidade de upload e download do 5G comparada ao 4G?
a) 2x mais rápida
b) 5x mais rápida
c) 10x mais rápida
d) 20x mais rápida";A|B|C|D;C;;Book Pós;Liberto
;GG|GO|CN|Guru|GA|GA Multicanal;Móvel_Fibra;Planos Pós;"Qual aplicativo oferece cursos livres e palestras em diversas áreas?
a) Casa do Saber
b) Skeelo
c) Ubook
d) Viva-e";A|B|C|D;A;;Book Pós;Liberto
;GG|GO|CN|Guru|GA|GA Multicanal;Móvel_Fibra;Planos Pós;"Qual é o valor da fatura mensal do plano Familia com 100GB e 2 linhas adicionais grátis?
a) R$ 260
b) R$ 330
c) R$ 420
d) R$ 520";A|B|C|D;B;;Book Pós;Liberto
;GG|GO|CN|Guru|GA|GA Multicanal;Móvel_Fibra;Ofertas Banda Larga;"O que é a Fibra Gamer?
a) Um plano de internet com foco em streaming de vídeos e filmes.
b) Um plano de internet com velocidades de 700 MEGA e 1 GIGA, voltado para gamers, com ExitLag e Ponto Cabeado inclusos.
c) Um plano de internet exclusivo para dispositivos móveis com roteador gamer.
d) Um pacote de jogos online com assinatura de plataformas como Steam e Xbox Live.";A|B|C|D;B;;Fonte de Estudos - Simulado Nacional;Liberto
;GG|GO|CN|Guru|GA|GA Multicanal;Móvel_Fibra;Ofertas Banda Larga;"O que é ExitLag?
a) Um roteador especial que melhora o sinal Wi-Fi para jogos.
b) Um aplicativo que reduz a latência em jogos on-line para PC, utilizando uma rede global de servidores.
c) Um serviço de atendimento exclusivo para clientes gamers.
d) Um plano de fidelidade para jogadores que utilizam a Vivo Fibra.";A|B|C|D;B;;Fonte de Estudos - Simulado Nacional;Liberto
;GG|GO|CN|Guru|GA|GA Multicanal;Móvel_Fibra;Ofertas Banda Larga;"A latência também é conhecida como lag ou ping e é um atraso para envio de informação que acontece em jogos on-line, prejudicando a experiência.
a) Ling ou impulso de latência 
b) Lag ou ping e é um atraso para envio de informação que acontece em jogos on-line
c) Lang e é um atraso para envio de informação que acontece em jogos on-line
d) Impulso de latância que implica na aumento de velocidade de envio dos comandos que ocorre em jogos on-line";A|B|C|D;B;;Fonte de Estudos - Simulado Nacional;Liberto
;GG|GO|CN|Guru|GA|GA Multicanal;Móvel_Fibra;Ofertas Banda Larga;"Como se pronuncia ExitLag?
a) Êzit Lég.
b) Êxit Lég.
c) Êssite Lég.
d)  Êxite Lég.";A|B|C|D;A;;Fonte de Estudos - Simulado Nacional;Liberto
;GG|GO|CN|Guru|GA|GA Multicanal;Móvel_Fibra;Ofertas Banda Larga;"O que está incluso na assinatura do ExitLag?
a) O aplicativo Ping e Leg.
b) O aplicativo ExitLag, que permite baixar e utilizar o aplicativo para redução da latência de conexão e melhoria de rotas para servidores de jogos.
c) O aplicativo Ping, que permite baixar e utilizar o aplicativo para redução da latência de conexão e melhoria de rotas para servidores de jogos.
d)  O aplicativo ExitLag, que permite baixar e utilizar o aplicativo para aumentar a latência de conexão e melhoria de rotas para servidores de jogos.";A|B|C|D;B ;;Fonte de Estudos - Simulado Nacional;Liberto
;GG|GO|CN|Guru|GA|GA Multicanal;Móvel_Fibra;Ofertas Banda Larga;A Fibra Gamer é exclusiva para gamers?;SIM|NÃO;NÃO;;Fonte de Estudos - Simulado Nacional;Liberto
;GG|GO|CN|Guru|GA|GA Multicanal;Móvel_Fibra;Ofertas Banda Larga;O Ponto Cabeado é exclusivo da Fibra Gamer?;SIM|NÃO;SIM;;Fonte de Estudos - Simulado Nacional;Liberto
;GG|GO|CN|Guru|GA|GA Multicanal;Móvel_Fibra;Ofertas Banda Larga;O Ponto Cabeado é exclusivo da Fibra Gamer. Então, mesmo que o cliente queira o Ponto Cabeado para outra finalidade, deve-se incluir a Fibra Gamer ExitLag. A inclusão do Serviço Digital permite que o Ponto Cabeado seja incluso também.;VERDADEIRO|FALSO;VERDADEIRO;;Fonte de Estudos - Simulado Nacional;Liberto
;GG|GO|CN|Guru|GA|GA Multicanal;Móvel_Fibra;Ofertas Banda Larga;"A Fibra Gamer possui fidelidade?
a) Não, o cliente pode cancelar a qualquer momento sem custos.
b) Sim, possui fidelidade de 6 meses a partir da ativação do serviço.
c) Sim, possui fidelidade de 12 meses a partir da ativação do ExitLag e instalação do Ponto Cabeado.
d) Apenas se o cliente contratar o plano com roteador incluso.";A|B|C|D;C;;Fonte de Estudos - Simulado Nacional;Liberto
;GG|GO|CN|Guru|GA|GA Multicanal;Móvel_Fibra;Ofertas Banda Larga;A contratação do ExitLag pode ocorrer de forma avulsa, em qualquer plano de internet (300, 500, 600, 700 MEGA e 1 GIGA) por R$ 19,90. Na contratação avulsa, não há o Ponto Cabeado nem fidelidade, e não é chamada de Fibra Gamer.;VERDADEIRO|FALSO;VERDADEIRO;;Fonte de Estudos - Simulado Nacional;Liberto
;GG|GO|CN|Guru|GA|GA Multicanal;Móvel_Fibra;Ofertas Banda Larga;"O que é o Ponto Cabeado no serviço Vivo Fibra Gamer?
a) Um roteador Wi-Fi de alta performance incluso no plano.
b) Um serviço que permite conectar dispositivos via Bluetooth.
c) Um serviço de passagem de cabos que permite conexão direta via cabo Ethernet em um cômodo escolhido pelo cliente.
d) Um plano de internet exclusivo para dispositivos móveis.";A|B|C|D;C;;Fonte de Estudos - Simulado Nacional;Liberto
;GG|GO|CN|Guru|GA|GA Multicanal;Móvel_Fibra;Ofertas Banda Larga;"Qual é a principal vantagem do Ponto Cabeado no serviço Vivo Fibra Gamer?
a) Permite conectar mais dispositivos simultaneamente via Wi-Fi.
b) Garante maior estabilidade, velocidade e menor latência na conexão, ideal para jogos on-line.
c) Oferece acesso gratuito a plataformas de streaming.
d) Substitui a necessidade de roteador na residência.";A|B|C|D;B;;Fonte de Estudos - Simulado Nacional;Liberto
;GG|GO|CN|Guru|GA|GA Multicanal;Móvel_Fibra;Ofertas Banda Larga;"O que é latência (ou ping) e como ela afeta a experiência em jogos on-line?
a) É a quantidade de dados transmitidos por segundo; quanto maior, melhor para jogos.
b) É o tempo que um pacote de dados leva para ser transmitido; quanto menor, melhor a resposta nos jogos.
c) É a velocidade de download da internet; quanto menor, melhor o desempenho.
d) É o número de dispositivos conectados à rede; quanto maior, melhor a estabilidade.";A|B|C|D;B;;Fonte de Estudos - Simulado Nacional;Liberto
;GG|GO|CN|Guru|GA|GA Multicanal;Móvel_Fibra;Ofertas Banda Larga;"Latência, ping e lag são a mesma coisa?
a) Sim, todos são nomes diferentes para a velocidade da internet.
b) Não, latência e lag são iguais, mas ping é diferente.
c) Latência e ping são a mesma coisa; lag é o atraso causado por ping alto em jogos on-line.
d) Lag e ping são iguais; latência é a quantidade de dados transmitidos.";A|B|C|D;C;;Fonte de Estudos - Simulado Nacional;Liberto
;GG|GO|CN|Guru|GA|GA Multicanal;Móvel_Fibra;Ofertas Banda Larga;"O que acontece se o cliente solicitar a instalação de um segundo Ponto Cabeado?
a) O segundo ponto é instalado normalmente, com cobrança adicional na fatura.
b) O cliente pode contratar quantos pontos quiser, desde que tenha espaço físico.
c) A Vivo permite até dois Pontos Cabeados por residência, sem custo adicional.
d) A instalação de um segundo ponto não é possível atualmente, pois o serviço está disponível apenas em algumas lojas e técnicos em SP.";A|B|C|D;D;;Fonte de Estudos - Simulado Nacional;Liberto
;GG|GO|CN|Guru|GA|GA Multicanal;Móvel_Fibra;Smart Empresas;"Quais serviços digitais estão disponíveis nos planos Smart Empresas, dependendo do plano contratado?
a) Apenas redes sociais e streaming.
b) Vivo Gestão de Dispositivo, Vivo News, administração de dispositivos e Skeelo.
c) Aplicativos de jogos e entretenimento.
d) Apenas antivírus e backup em nuvem.";A|B|C|D;B;;Fonte de Estudos - Simulado Nacional;Liberto
;GG|GO|CN|Guru|GA|GA Multicanal;Móvel_Fibra;Smart Empresas;"O que o cliente pode contratar adicionalmente nos planos Smart Empresas?
a) Apenas pacotes de SMS.
b) Apenas aumento de velocidade de internet.
c) Vivo Travel mensal, Vivo UP e dispositivos como Pen/Box Vivo e roteador Intelbras 5G.
d) Apenas serviços de TV por assinatura.";A|B|C|D;C;;Fonte de Estudos - Simulado Nacional;Liberto
;GG|GO|CN|Guru|GA|GA Multicanal;Móvel_Fibra;Smart Empresas;"O que é o Vivo Sync, disponível para clientes PJ Smart Empresas?
a) Um serviço de backup automático de dados em nuvem.
b) Um plano de internet exclusivo para smartwatches com GPS.
c) Um serviço que permite fazer e receber ligações e mensagens pelo smartwatch, mesmo sem o celular por perto.
d) Um aplicativo de gestão de equipe integrado ao WhatsApp.";A|B|C|D;C;;Fonte de Estudos - Simulado Nacional;Liberto
;GG|GO|CN|Guru|GA|GA Multicanal;Móvel_Fibra;Smart Empresas;"Qual é o custo mensal do Vivo Sync por smartwatch ativado?
a) R$ 9,99
b) R$ 14,90
c) R$ 19,99
d) R$ 29,90";A|B|C|D;C;;Fonte de Estudos - Simulado Nacional;Liberto
;GG|GO|CN|Guru|GA|GA Multicanal;Móvel_Fibra;Smart Empresas;"Quantos smartwatches podem ser ativados por conta com o serviço Vivo Sync?
a) Até 2 smartwatches por conta.
b) Até 3 smartwatches por conta.
c) Até 4 smartwatches por conta.
d) Ilimitado, desde que sejam da mesma marca.";A|B|C|D;C;;Fonte de Estudos - Simulado Nacional;Liberto
;GG|GO|CN|Guru|GA|GA Multicanal;Móvel_Fibra;Smart Empresas;"Qual é o limite de internet oferecido nos planos Smart Empresas?
a) Até 10GB
b) Até 50GB
c) Até 100GB
d) Ilimitado";A|B|C|D;C;;Fonte de Estudos - Simulado Nacional;Liberto
;GG|GO|CN|Guru|GA|GA Multicanal;Móvel_Fibra;Smart Empresas;"Quais serviços digitais estão disponíveis nos planos Smart Empresas?
a) Apenas redes sociais
b) Vivo Gestão de Dispositivo, Vivo News, administração de dispositivos e Skeelo
c) Aplicativos de streaming
d) Serviços bancários";A|B|C|D;B;;Fonte de Estudos - Simulado Nacional;Liberto
;GG|GO|CN|Guru|GA|GA Multicanal;Móvel_Fibra;Smart Empresas;"Qual é o benefício oferecido pela plataforma de IA para redes sociais?
a) Publicações automáticas ilimitadas
b) Criação de conteúdo por R$ 48/mês
c) Acesso gratuito a influenciadores
d) Monitoramento de concorrência";A|B|C|D;B;;Fonte de Estudos - Simulado Nacional;Liberto
;GG|GO|CN|Guru|GA|GA Multicanal;Móvel_Fibra;Smart Empresas;"Qual é o desconto oferecido na compra de embalagens da Klabin?
a) 5%
b) 8%
c) 10%
d) 15%";A|B|C|D;C;;Fonte de Estudos - Simulado Nacional;Liberto
;GG|GO|CN|Guru|GA|GA Multicanal;Móvel_Fibra;Smart Empresas;"Quais pacotes adicionais estão disponíveis para os clientes Smart Empresas?
a) Apenas pacotes de voz
b) Vivo Travel mensal e Vivo UP
c) Pacotes de SMS ilimitado
d) Apenas serviços de streaming";A|B|C|D;B;;Fonte de Estudos - Simulado Nacional;Liberto
;GG|GO|CN|Guru|GA|GA Multicanal;Móvel_Fibra;Smart Empresas;"Qual é o valor mensal da plataforma de IA para criação de conteúdo e posts?
a) R$ 19,90
b) R$ 26,80
c) R$ 48,00
d) R$ 60,00";A|B|C|D;C;;Fonte de Estudos - Simulado Nacional;Liberto
;GG|GO|CN|Guru|GA|GA Multicanal;Móvel_Fibra;Smart Empresas;"Qual é a economia estimada com o uso da plataforma de IA Manycontent?
a) R$ 10,00
b) R$ 26,80
c) R$ 48,00
d) R$ 60,00";A|B|C|D;B;;Fonte de Estudos - Simulado Nacional;Liberto
;GG|GO|CN|Guru|GA|GA Multicanal;Móvel_Fibra;Smart Empresas;"Quais pacotes estão disponíveis no plano Smart Empresas?
A) Internet, Telefonia e Backup
B) Redes Sociais, Comunicação e Streaming
C) Segurança, Armazenamento e E-mail
D) Marketing, Vendas e Atendimento";A|B|C|D;B;;Fonte de Estudos - Simulado Nacional;Liberto
;GG|GO|CN|Guru|GA|GA Multicanal;Móvel_Fibra;Smart Empresas;"Quantos planos móveis empresariais diferentes são oferecidos no portfólio mencionado?
A) 5
B) 6
C) 7
D) 8";A|B|C|D;C;;Fonte de Estudos - Simulado Nacional;Liberto
;GG|GO|CN|Guru|GA|GA Multicanal;Móvel_Fibra;Smart Empresas;"Qual é a menor franquia de dados disponível entre os planos móveis empresariais?
A) 4GB
B) 6GB
C) 10GB
D) 12GB";A|B|C|D;B;;Fonte de Estudos - Simulado Nacional;Liberto
;GG|GO|CN|Guru|GA|GA Multicanal;Móvel_Fibra;Smart Empresas;"Qual é a maior franquia de dados oferecida nos planos móveis empresariais?
A) 80GB
B) 90GB
C) 100GB
D) 120GB";A|B|C|D;C;;Fonte de Estudos - Simulado Nacional;Liberto
;GG|GO|CN|Guru|GA|GA Multicanal;Móvel_Fibra;Smart Empresas;"O que a solução Vivo Gestão de Dispositivos oferece ao cliente?
A) Acesso ilimitado a redes sociais
B) Solução para monitoramento dos dispositivos da empresa
C) Descontos em embalagens e IA para redes sociais
D) Backup automático de dados em nuvem";A|B|C|D;B;;Fonte de Estudos - Simulado Nacional;Liberto
;FORA;Móvel_Fibra;Vivo Total;"Qual é a principal vantagem de entender o perfil do cliente antes de oferecer um plano Vivo Total?
a) Aumentar o ticket médio da venda
b) Garantir que o cliente compre o plano mais caro
c) Ser mais assertivo na oferta, entregando o que o cliente realmente precisa
d) Reduzir o tempo de atendimento";A|B|C|D;C;Entender o perfil do cliente permite oferecer um plano adequado às suas necessidades, aumentando a satisfação e a chance de conversão.;Book Vivo Total;Joercio
;FORA;Móvel_Fibra;Vivo Total;O plano Vivo Total FAMÍLIA 5 oferece até 10 dependentes e 600GB de internet móvel.;VERDADEIRO|FALSO;FALSO;O plano FAMÍLIA 5 oferece até 4 dependentes e 300GB de internet móvel.;Book Vivo Total;Joercio
;FORA;Móvel_Fibra;Vivo Total;O plano PRO 500 Mega inclui 100 minutos de LDI.;VERDADEIRO|FALSO;FALSO;O plano PRO 500 Mega oferece apenas cobertura nas Américas, sem minutos LDI.;Book Vivo Total;Joercio
;FORA;Móvel_Fibra;Vivo Total;Todos os planos Vivo Total incluem fidelidade de 24 meses.;VERDADEIRO|FALSO;FALSO;A fidelidade é de 12 meses, e não 24 meses.;Book Vivo Total;Joercio
;FORA;Móvel_Fibra;Vivo Total;O plano Vivo Total V 1 GIGA oferece cobertura internacional com o pacote Mundo.;VERDADEIRO|FALSO;VERDADEIRO;O plano V 1 GIGA oferece cobertura internacional com o pacote Mundo.;Book Vivo Total;Joercio
;FORA;Móvel_Fibra;Vivo Total;"Sobre os benefícios do Vivo Total, é incorreto afirmar que:
a) O cliente pode usar o mesmo chip em mais de 175 países.
b) O plano inclui WiFi 6 e instalação gratuita.
c) Todos os planos oferecem 1 Giga de velocidade de fibra.
d) É possível pagar tudo em uma única fatura.";A|B|C|D;C;Nem todos os planos oferecem 1 Giga de velocidade. Alguns oferecem 300 ou 700 Mega.;Book Vivo Total;Joercio
;FORA;Móvel_Fibra;Vivo Total;"Qual dos argumentos abaixo é mais eficaz para convencer um cliente gamer a contratar Vivo Fibra?
a) Acesso a canais de TV por assinatura
b) Upload de até 50% da velocidade de download e menor latência
c) Fidelidade de 12 meses
d) Descontos em smartphones";A|B|C|D;B;A performance de upload e baixa latência são diferenciais decisivos para gamers.;Book Vivo Total;Joercio
;FORA;Móvel_Fibra;Vivo Total;A Vivo Fibra foi reconhecida como a melhor internet gamer do Brasil.;VERDADEIRO|FALSO;VERDADEIRO;A Vivo Fibra foi reconhecida como a melhor internet gamer do Brasil.;Book Vivo Total;Joercio
;FORA;Móvel_Fibra;Vivo Total;O plano Vivo Total ULTRA 700 Mega oferece 70GB de internet móvel.;VERDADEIRO|FALSO;VERDADEIRO;O plano ULTRA 700 Mega oferece 70GB de internet móvel.;Book Vivo Total;Joercio
;FORA;Móvel_Fibra;Vivo Total;O plano FAMÍLIA 3 inclui 3 dependentes e 240GB de internet.;VERDADEIRO|FALSO;FALSO;O plano FAMÍLIA 3 oferece 2 dependentes e 180GB, não 3 e 240GB.;Book Vivo Total;Joercio
;FORA;Móvel_Fibra;Vivo Total;O Vivo Play permite até 10 dispositivos conectados e 3 acessos simultâneos.;VERDADEIRO|FALSO;VERDADEIRO;O Vivo Play permite até 10 dispositivos conectados e 3 acessos simultâneos.;Book Vivo Total;Joercio
;FORA;Móvel_Fibra;Vivo Total;"Qual é um diferencial do Vivo Play App em relação a outras plataformas de streaming?
a) Necessita de TV Smart
b) Permite assistir offline e em múltiplos dispositivos
c) Só funciona com conexão via cabo
d) Não possui canais ao vivo";A|B|C|D;B;O Vivo Play App permite assistir offline, em até 10 dispositivos, com 3 acessos simultâneos.;Book Vivo Total;Joercio
;FORA;Móvel_Fibra;Vivo Total;"Qual das opções abaixo representa corretamente um plano Vivo Total e seus benefícios?
a) PRO 500 Mega – 300GB – 3 dependentes – Europa
b) FAMÍLIA 4 – 700 Mega – 3 dependentes – 240GB – Américas e Europa
c) ULTRA 300 Mega – 70GB – 2 dependentes – Mundo
d) V 700 Mega – 50GB – 1 dependente – Brasil";A|B|C|D;B;O plano FAMÍLIA 4 oferece 700 Mega, 3 dependentes, 240GB e cobertura nas Américas e Europa.;Book Vivo Total;Joercio
;FORA;Móvel_Fibra;Vivo Total;"Qual é o principal argumento de economia ao oferecer o plano Vivo Total em vez de produtos avulsos?
a) O cliente ganha um smartphone novo
b) A economia pode chegar a até 45%
c) O cliente não precisa pagar instalação
d) O cliente recebe cashback mensal";A|B|C|D;B;A combinação de fibra + pós no Vivo Total pode gerar até 45% de economia em relação à contratação separada.;Book Vivo Total;Joercio
;FORA;Móvel_Fibra;Vivo Total;O plano Vivo Total inclui serviços digitais, como apps de streaming.;VERDADEIRO|FALSO;VERDADEIRO;O plano Vivo Total inclui serviços digitais, como apps de streaming.;Book Vivo Total;Joercio
;FORA;Móvel_Fibra;Vivo Total;O cliente pode assistir ao Vivo Play apenas em casa.;VERDADEIRO|FALSO;FALSO;O Vivo Play pode ser acessado de qualquer lugar com internet.;Book Vivo Total;Joercio
;FORA;Móvel_Fibra;Vivo Total;O plano FAMÍLIA 2 oferece 120GB e 1 dependente.;VERDADEIRO|FALSO;VERDADEIRO;O plano FAMÍLIA 2 oferece 120GB e 1 dependente.;Book Vivo Total;Joercio
;FORA;Móvel_Fibra;Vivo Total;A cobertura WiFi da Vivo Fibra alcança todos os cômodos da casa.;VERDADEIRO|FALSO;VERDADEIRO;A cobertura WiFi da Vivo Fibra alcança todos os cômodos da casa.;Book Vivo Total;Joercio
;FORA;Móvel_Fibra;Vivo Total;"Qual abordagem é recomendada ao iniciar uma conversa com um cliente sobre planos Vivo?
a) Oferecer o plano mais caro primeiro
b) Fazer perguntas sobre o uso de internet e dispositivos conectados
c) Focar apenas no preço
d) Evitar falar sobre fidelidade";A|B|C|D;B;A escuta ativa e o entendimento do perfil do cliente são fundamentais para uma oferta assertiva.;Book Vivo Total;Joercio
;FORA;Móvel_Fibra;Vivo Total;"Qual a principal vantagem de ter uma fatura única no Vivo Total para o cliente?
a) Permite contratar mais serviços adicionais facilmente.
b) Oferece simplicidade, tranquilidade e controle.
c) Garante descontos maiores em smartphones.
d) Automaticamente inclui todos os serviços de streaming disponíveis.";A|B|C|D;B;A fonte menciona que a fatura única traz 'Simplicidade para o cliente com uma fatura única. É tranquilidade e controle.;Book Vivo Total;Joercio
;FORA;Móvel_Fibra;Vivo Total;"Quantos dispositivos simultâneos podem acessar a internet com uma velocidade de 300 MEGA da Vivo Fibra, segundo o material?
a) Até 5 dispositivos.
b) Até 8 dispositivos.
c) Até 10 dispositivos.
d) Até 12 dispositivos.";A|B|C|D;D;Uma velocidade de 300 MEGA que pode ser acessada por até 12 dispositivos simultaneamente.;Book Vivo Total;Joercio
;FORA;Móvel_Fibra;Vivo Total;"Além de descontos em smartphones e Vivo Valoriza, o que mais o Vivo Total oferece como vantagem?
a) Um chip internacional grátis para cada viagem.
b) Isenção total da fatura por 3 meses.
c) Fatura única e 1 ano de cortesia Amazon Prime para novas contratações.
d) Acesso ilimitado a todas as plataformas de streaming sem custo adicional.";A|B|C|D;C;As fontes listam 'Fatura única' e 'Um ano de cortesia Amazon Prime para novas contratações' como vantagens.;Book Vivo Total;Joercio
;FORA;Móvel_Fibra;Vivo Total;"Em quantos países, aproximadamente, o cliente Vivo Total pode se conectar em viagens internacionais usando o Vivo Travel incluso?
a) Em mais de 50 países.
b) Em mais de 100 países.
c) Em mais de 175 países.
d) Em todos os países do mundo.";A|B|C|D;C;Várias fontes mencionam que o Vivo Travel cobre 'mais de 175 países'.;Book Vivo Total;Joercio
;FORA;Móvel_Fibra;Vivo Total;"Se o cliente Vivo Total consumir 100% da franquia diária de internet no exterior com o Vivo Travel, o que acontece?
a) A conexão de dados é bloqueada até o próximo dia.
b) A velocidade é reduzida, mas o cliente pode contratar um pacote de restabelecimento.
c) A Vivo envia automaticamente um pacote adicional cobrado na fatura.
d) O cliente precisa comprar um novo chip local.";A|B|C|D;B;A fonte informa que 'Caso seja atingida 100% da franquia, de internet diária, a velocidade será reduzida. Mas o cliente pode contratar o pacote de restabelecimento de velocidade por mais R$ 19,99/dia'.;Book Vivo Total;Joercio
;FORA;Móvel_Fibra;Vivo Total;"Quais das seguintes plataformas de streaming o cliente Vivo Total pode acessar diretamente na TV através do Vivo Play TV?
a) Apenas Vivo Play.
b) Netflix, Amazon Prime Video, Disney+, Star+, YouTube, Globoplay e outros.
c) Somente canais de TV ao vivo.
d) Apenas serviços inclusos no plano Vivo Total.";A|B|C|D;B;A fonte lista várias dessas plataformas como acessíveis diretamente na TV via Vivo Play TV, incluindo 'Netflix, Amazon Prime Video, Disney+, Star+, YouTube... Globoplay'.;Book Vivo Total;Joercio
;FORA;Móvel_Fibra;Vivo Total;"Qual é o serviço adicional para gamers no Vivo Total Família 2, 3, 4, 5 e V que inclui ExitLag e um Ponto Cabeado?
a) Vivo Fibra Ultra.
b) Vivo Game Booster.
c) Fibra Gamer.
d) Ponto Fibra Premium.";A|B|C|D;C;A fonte descreve a 'Fibra Gamer' como o serviço que 'garante a melhor experiência em jogos on-line com assinatura do ExitLag e um Ponto Cabeado' para os planos mencionados.;Book Vivo Total;Joercio
;FORA;Móvel_Fibra;Vivo Total;"O que é o Vale Bonus oferecido aos clientes Vivo Total?
a) Um desconto direto na fatura mensal.
b) Uma moeda digital para usar como parte do pagamento em diversas marcas e serviços.
c) Um bônus de internet para usar em viagens internacionais.
d) Pontos de fidelidade que podem ser trocados por produtos Vivo.";A|B|C|D;B;A fonte define o Vale Bonus como 'uma moeda digital que o cliente pode usar como parte do pagamento em diversas marcas, restaurantes e serviços.';Book Vivo Total;Joercio
;FORA;Móvel_Fibra;Vivo Total;"Como o cliente Vivo Total pode ganhar até R$ 250 em Vale Bonus todo mês?
a) Indicando novos clientes para o Vivo Total.
b) Atingindo um certo consumo de internet no mês.
c) Pagando a fatura Vivo em dia por débito automático, Pix ou cartão de crédito.
d) Contratando todos os serviços de streaming parceiros.";A|B|C|D;C;A fonte informa que o cliente ganha o Vale Bonus 'Basta o cliente pagar a fatura Vivo em dia por um dos meios de pagamentos abaixo: Débito automático... Pix... Cartão de crédito'.;Book Vivo Total;Joercio
;FORA;Móvel_Fibra;Vivo Total;"Para quais planos Vivo Total Família o adicional Fibra Gamer está disponível por R$ 20/mês, segundo o material?
a) Todos os planos Vivo Total Família.
b) Vivo Total Família 1 e 2.
c) Vivo Total Família 2, 3, 4, 5 e V.
d) Apenas planos Vivo Total Individuais.";A|B|C|D;C;A fonte especifica que o Fibra Gamer está disponível 'Por mais R$ 20/mês, os clientes Vivo Total Família 2, Família 3, Família 4, Família 5 e V'.;Book Vivo Total;Joercio
Distribuição;GERENTE|SUPERVISOR|VENDEDOR;Móvel_Fibra;Pré Pago;"Qual a principal vantagem do Giga Chip em relação ao chip avulso?
a)Possui validade maior
b) Pode ser ativado sem recarga
c)Já vem com recarga inclusa e internet em dobro por 6 meses
d)É mais barato que qualquer outra opção";A|B|C|D;C;Pág. 4;Manual Distribuição;Carol
Distribuição;GERENTE|SUPERVISOR|VENDEDOR;Móvel_Fibra;Pré Pago;"Qual o preço sugerido do Giga Chip para o cliente final?
a)R$15,00
b) R$20,00
c)R$25,00
d)R$30,00";A|B|C|D;C;Pág. 17;Manual Distribuição;Carol
Distribuição;GERENTE|SUPERVISOR|VENDEDOR;Móvel_Fibra;Pré Pago;"Segundo as regras de positivação, o que NÃO deve ser feito?
a)Positivar materiais em local visível
b)Usar espátula “ratinho” para remoção de material antigo
c)Não deixar em local visível ao cliente os adesivos de orientação exclusiva ao PDV
d)Substituir materiais antigos mesmo em bom estado";A|B|C|D;D;Pág. 12;Manual Distribuição;Carol
Distribuição;GERENTE|SUPERVISOR|VENDEDOR;Móvel_Fibra;Pré Pago;"Em caso de portabilidade, qual é o número para onde o cliente deve enviar a palavra 'PORTABILIDADE'?
a)90015
b)1058
c)8486
d)5555";A|B|C|D;A;Pág. 15;Manual Distribuição;Carol
Distribuição;GERENTE|SUPERVISOR|VENDEDOR;Móvel_Fibra;Pré Pago;"O que representa o indicador M0?
a)Alta com Recarga no dia da ativação
b)Alta com recarga no mesmo mês da ativação
c)Média de recargas por mês
d)Ativação do chip no mês";A|B|C|D;B;Pág. 20;Manual Distribuição;Carol
Distribuição;GERENTE|SUPERVISOR|VENDEDOR;Móvel_Fibra;Pré Pago;"Qual ação é recomendada para reduzir lacuna?
a)Negociar apenas com PDVs inadimplentes
b)Priorizar visitas a PDVs com ruptura, mesmo que seja fora de rota
c)Informar o seu supervisor da ruptura do PDV
d)Caso o PDV sinalize que não pode comprar, deixar para a próxima visita";A|B|C|D;B;Pág. 25;Manual Distribuição;Carol
Distribuição;GERENTE|SUPERVISOR|VENDEDOR;Móvel_Fibra;Pré Pago;"Qual é a oferta do Chip Avulso?
a)10 GB livres + 10 GB para YouTube por R$ 30, válidos por 30 dias
b)6GB GB livres + 5 GB para YouTube por R$ 30, válidos por 15 dias
c)3GB GB livres , válidos por 15 dias
d)Depende do valor da recarga que o cliente colocar";A|B|C|D;D;Pág. 4;Manual Distribuição;Carol
Distribuição;GERENTE|SUPERVISOR|VENDEDOR;Móvel_Fibra;Pré Pago;" Qual é o valor da recarga mínima necessária para ativar o Chip Avulso?
a)R$17
b)R$15
c)R$20
d)R$30";A|B|C|D;B;Pág. 4;Manual Distribuição;Carol
Distribuição;GERENTE|SUPERVISOR|VENDEDOR;Móvel_Fibra;Pré Pago;"Qual site deve ser acessado para preencher o cadastro e ativar o chip do cliente?
a)vivo.com.br
b)ativavivo.com
c)cadastro.vivo.com.br
d)meuvivo.com.br";A|B|C|D;C;Pag. 14;Manual Distribuição;Carol
Distribuição;GERENTE|SUPERVISOR|VENDEDOR;Móvel_Fibra;Pré Pago;"O que o indicador 'Estoque 3+3' sinaliza?
a)Estoque para 3 meses
b)Estoque superior ou igual a 3 chips por produto
c)Estoque mínimo diário
d)Reposição semanal obrigatória";A|B|C|D;B;Pag. 20;Manual Distribuição;Carol
